CD3D	CD3D	Gene Expression
CD3E	CD3E	Gene Expression
CD2	CD2	Gene Expression
TRAC	TRAC	Gene Expression
LCK	LCK	Gene Expression
CD7	CD7	Gene Expression
CD14	CD14	Gene Expression
LYZ	LYZ	Gene Expression
CSF1R	CSF1R	Gene Expression
FCGR3A	FCGR3A	Gene Expression
AIF1	AIF1	Gene Expression
ITGAM	ITGAM	Gene Expression
EPCAM	EPCAM	Gene Expression
KRT8	KRT8	Gene Expression
KRT18	KRT18	Gene Expression
KRT19	KRT19	Gene Expression
MUC1	MUC1	Gene Expression
CDH1	CDH1	Gene Expression
COL1A1	COL1A1	Gene Expression
COL3A1	COL3A1	Gene Expression
COL1A2	COL1A2	Gene Expression
DCN	DCN	Gene Expression
LUM	LUM	Gene Expression
ACTA2	ACTA2	Gene Expression
ACTB	ACTB	Gene Expression
GAPDH	GAPDH	Gene Expression
RPLP0	RPLP0	Gene Expression
RPL13A	RPL13A	Gene Expression
TUBB	TUBB	Gene Expression
UBC	UBC	Gene Expression
B2M	B2M	Gene Expression
HSP90AB1	HSP90AB1	Gene Expression
SDHA	SDHA	Gene Expression
TBP	TBP	Gene Expression
ISG15	ISG15	Gene Expression
MX1	MX1	Gene Expression
MX2	MX2	Gene Expression
OAS1	OAS1	Gene Expression
OAS2	OAS2	Gene Expression
OAS3	OAS3	Gene Expression
IFIT1	IFIT1	Gene Expression
IFIT2	IFIT2	Gene Expression
IFIT3	IFIT3	Gene Expression
IFIH1	IFIH1	Gene Expression
IFI6	IFI6	Gene Expression
IFI44	IFI44	Gene Expression
IFI44L	IFI44L	Gene Expression
BST2	BST2	Gene Expression
RSAD2	RSAD2	Gene Expression
HERC5	HERC5	Gene Expression
USP18	USP18	Gene Expression
STAT1	STAT1	Gene Expression
STAT2	STAT2	Gene Expression
IRF7	IRF7	Gene Expression
DDX58	DDX58	Gene Expression
TRIM25	TRIM25	Gene Expression
ISG20	ISG20	Gene Expression
CMPK2	CMPK2	Gene Expression
NMI	NMI	Gene Expression
LY6E	LY6E	Gene Expression
PARP9	PARP9	Gene Expression
DTX3L	DTX3L	Gene Expression
ADAR	ADAR	Gene Expression
ZNFX1	ZNFX1	Gene Expression
CXCL10	CXCL10	Gene Expression
CXCL11	CXCL11	Gene Expression
CCL5	CCL5	Gene Expression
IL6	IL6	Gene Expression
TNF	TNF	Gene Expression
MIF	MIF	Gene Expression
CD74	CD74	Gene Expression
CXCR4	CXCR4	Gene Expression
CXCL12	CXCL12	Gene Expression
VEGFA	VEGFA	Gene Expression
FLT1	FLT1	Gene Expression
KDR	KDR	Gene Expression
SPP1	SPP1	Gene Expression
CD44	CD44	Gene Expression
ITGAV	ITGAV	Gene Expression
LGALS9	LGALS9	Gene Expression
HAVCR2	HAVCR2	Gene Expression
FN1	FN1	Gene Expression
ITGA5	ITGA5	Gene Expression
LAMA5	LAMA5	Gene Expression
ITGA6	ITGA6	Gene Expression
THBS1	THBS1	Gene Expression
CD47	CD47	Gene Expression
FASLG	FASLG	Gene Expression
FAS	FAS	Gene Expression
APP	APP	Gene Expression
CD99	CD99	Gene Expression
HLA-A	HLA-A	Gene Expression
CD8A	CD8A	Gene Expression
HLA-B	HLA-B	Gene Expression
LILRB1	LILRB1	Gene Expression
HLA-E	HLA-E	Gene Expression
NKG2A	NKG2A	Gene Expression
CALM1	CALM1	Gene Expression
NRGN	NRGN	Gene Expression
CALM2	CALM2	Gene Expression
ANXA1	ANXA1	Gene Expression
FPR1	FPR1	Gene Expression
WNT5A	WNT5A	Gene Expression
FZD5	FZD5	Gene Expression
BMP4	BMP4	Gene Expression
BMPR1A	BMPR1A	Gene Expression
DLL1	DLL1	Gene Expression
NOTCH1	NOTCH1	Gene Expression
JAG1	JAG1	Gene Expression
CSF1	CSF1	Gene Expression
FLT3LG	FLT3LG	Gene Expression
FLT3	FLT3	Gene Expression
CCL2	CCL2	Gene Expression
CCR2	CCR2	Gene Expression
CCL3	CCL3	Gene Expression
CCR1	CCR1	Gene Expression
CCL4	CCL4	Gene Expression
CCR5	CCR5	Gene Expression
CXCL9	CXCL9	Gene Expression
CXCR3	CXCR3	Gene Expression
IL1B	IL1B	Gene Expression
IL1R1	IL1R1	Gene Expression
IL6R	IL6R	Gene Expression
TNFRSF1A	TNFRSF1A	Gene Expression
GENE_0001	GENE_0001	Gene Expression
GENE_0002	GENE_0002	Gene Expression
GENE_0003	GENE_0003	Gene Expression
GENE_0004	GENE_0004	Gene Expression
GENE_0005	GENE_0005	Gene Expression
GENE_0006	GENE_0006	Gene Expression
GENE_0007	GENE_0007	Gene Expression
GENE_0008	GENE_0008	Gene Expression
GENE_0009	GENE_0009	Gene Expression
GENE_0010	GENE_0010	Gene Expression
GENE_0011	GENE_0011	Gene Expression
GENE_0012	GENE_0012	Gene Expression
GENE_0013	GENE_0013	Gene Expression
GENE_0014	GENE_0014	Gene Expression
GENE_0015	GENE_0015	Gene Expression
GENE_0016	GENE_0016	Gene Expression
GENE_0017	GENE_0017	Gene Expression
GENE_0018	GENE_0018	Gene Expression
GENE_0019	GENE_0019	Gene Expression
GENE_0020	GENE_0020	Gene Expression
GENE_0021	GENE_0021	Gene Expression
GENE_0022	GENE_0022	Gene Expression
GENE_0023	GENE_0023	Gene Expression
GENE_0024	GENE_0024	Gene Expression
GENE_0025	GENE_0025	Gene Expression
GENE_0026	GENE_0026	Gene Expression
GENE_0027	GENE_0027	Gene Expression
GENE_0028	GENE_0028	Gene Expression
GENE_0029	GENE_0029	Gene Expression
GENE_0030	GENE_0030	Gene Expression
GENE_0031	GENE_0031	Gene Expression
GENE_0032	GENE_0032	Gene Expression
GENE_0033	GENE_0033	Gene Expression
GENE_0034	GENE_0034	Gene Expression
GENE_0035	GENE_0035	Gene Expression
GENE_0036	GENE_0036	Gene Expression
GENE_0037	GENE_0037	Gene Expression
GENE_0038	GENE_0038	Gene Expression
GENE_0039	GENE_0039	Gene Expression
GENE_0040	GENE_0040	Gene Expression
GENE_0041	GENE_0041	Gene Expression
GENE_0042	GENE_0042	Gene Expression
GENE_0043	GENE_0043	Gene Expression
GENE_0044	GENE_0044	Gene Expression
GENE_0045	GENE_0045	Gene Expression
GENE_0046	GENE_0046	Gene Expression
GENE_0047	GENE_0047	Gene Expression
GENE_0048	GENE_0048	Gene Expression
GENE_0049	GENE_0049	Gene Expression
GENE_0050	GENE_0050	Gene Expression
GENE_0051	GENE_0051	Gene Expression
GENE_0052	GENE_0052	Gene Expression
GENE_0053	GENE_0053	Gene Expression
GENE_0054	GENE_0054	Gene Expression
GENE_0055	GENE_0055	Gene Expression
GENE_0056	GENE_0056	Gene Expression
GENE_0057	GENE_0057	Gene Expression
GENE_0058	GENE_0058	Gene Expression
GENE_0059	GENE_0059	Gene Expression
GENE_0060	GENE_0060	Gene Expression
GENE_0061	GENE_0061	Gene Expression
GENE_0062	GENE_0062	Gene Expression
GENE_0063	GENE_0063	Gene Expression
GENE_0064	GENE_0064	Gene Expression
GENE_0065	GENE_0065	Gene Expression
GENE_0066	GENE_0066	Gene Expression
GENE_0067	GENE_0067	Gene Expression
GENE_0068	GENE_0068	Gene Expression
GENE_0069	GENE_0069	Gene Expression
GENE_0070	GENE_0070	Gene Expression
GENE_0071	GENE_0071	Gene Expression
GENE_0072	GENE_0072	Gene Expression
GENE_0073	GENE_0073	Gene Expression
GENE_0074	GENE_0074	Gene Expression
GENE_0075	GENE_0075	Gene Expression
GENE_0076	GENE_0076	Gene Expression
GENE_0077	GENE_0077	Gene Expression
GENE_0078	GENE_0078	Gene Expression
GENE_0079	GENE_0079	Gene Expression
GENE_0080	GENE_0080	Gene Expression
GENE_0081	GENE_0081	Gene Expression
GENE_0082	GENE_0082	Gene Expression
GENE_0083	GENE_0083	Gene Expression
GENE_0084	GENE_0084	Gene Expression
GENE_0085	GENE_0085	Gene Expression
GENE_0086	GENE_0086	Gene Expression
GENE_0087	GENE_0087	Gene Expression
GENE_0088	GENE_0088	Gene Expression
GENE_0089	GENE_0089	Gene Expression
GENE_0090	GENE_0090	Gene Expression
GENE_0091	GENE_0091	Gene Expression
GENE_0092	GENE_0092	Gene Expression
GENE_0093	GENE_0093	Gene Expression
GENE_0094	GENE_0094	Gene Expression
GENE_0095	GENE_0095	Gene Expression
GENE_0096	GENE_0096	Gene Expression
GENE_0097	GENE_0097	Gene Expression
GENE_0098	GENE_0098	Gene Expression
GENE_0099	GENE_0099	Gene Expression
GENE_0100	GENE_0100	Gene Expression
GENE_0101	GENE_0101	Gene Expression
GENE_0102	GENE_0102	Gene Expression
GENE_0103	GENE_0103	Gene Expression
GENE_0104	GENE_0104	Gene Expression
GENE_0105	GENE_0105	Gene Expression
GENE_0106	GENE_0106	Gene Expression
GENE_0107	GENE_0107	Gene Expression
GENE_0108	GENE_0108	Gene Expression
GENE_0109	GENE_0109	Gene Expression
GENE_0110	GENE_0110	Gene Expression
GENE_0111	GENE_0111	Gene Expression
GENE_0112	GENE_0112	Gene Expression
GENE_0113	GENE_0113	Gene Expression
GENE_0114	GENE_0114	Gene Expression
GENE_0115	GENE_0115	Gene Expression
GENE_0116	GENE_0116	Gene Expression
GENE_0117	GENE_0117	Gene Expression
GENE_0118	GENE_0118	Gene Expression
GENE_0119	GENE_0119	Gene Expression
GENE_0120	GENE_0120	Gene Expression
GENE_0121	GENE_0121	Gene Expression
GENE_0122	GENE_0122	Gene Expression
GENE_0123	GENE_0123	Gene Expression
GENE_0124	GENE_0124	Gene Expression
GENE_0125	GENE_0125	Gene Expression
GENE_0126	GENE_0126	Gene Expression
GENE_0127	GENE_0127	Gene Expression
GENE_0128	GENE_0128	Gene Expression
GENE_0129	GENE_0129	Gene Expression
GENE_0130	GENE_0130	Gene Expression
GENE_0131	GENE_0131	Gene Expression
GENE_0132	GENE_0132	Gene Expression
GENE_0133	GENE_0133	Gene Expression
GENE_0134	GENE_0134	Gene Expression
GENE_0135	GENE_0135	Gene Expression
GENE_0136	GENE_0136	Gene Expression
GENE_0137	GENE_0137	Gene Expression
GENE_0138	GENE_0138	Gene Expression
GENE_0139	GENE_0139	Gene Expression
GENE_0140	GENE_0140	Gene Expression
GENE_0141	GENE_0141	Gene Expression
GENE_0142	GENE_0142	Gene Expression
GENE_0143	GENE_0143	Gene Expression
GENE_0144	GENE_0144	Gene Expression
GENE_0145	GENE_0145	Gene Expression
GENE_0146	GENE_0146	Gene Expression
GENE_0147	GENE_0147	Gene Expression
GENE_0148	GENE_0148	Gene Expression
GENE_0149	GENE_0149	Gene Expression
GENE_0150	GENE_0150	Gene Expression
GENE_0151	GENE_0151	Gene Expression
GENE_0152	GENE_0152	Gene Expression
GENE_0153	GENE_0153	Gene Expression
GENE_0154	GENE_0154	Gene Expression
GENE_0155	GENE_0155	Gene Expression
GENE_0156	GENE_0156	Gene Expression
GENE_0157	GENE_0157	Gene Expression
GENE_0158	GENE_0158	Gene Expression
GENE_0159	GENE_0159	Gene Expression
GENE_0160	GENE_0160	Gene Expression
GENE_0161	GENE_0161	Gene Expression
GENE_0162	GENE_0162	Gene Expression
GENE_0163	GENE_0163	Gene Expression
GENE_0164	GENE_0164	Gene Expression
GENE_0165	GENE_0165	Gene Expression
GENE_0166	GENE_0166	Gene Expression
GENE_0167	GENE_0167	Gene Expression
GENE_0168	GENE_0168	Gene Expression
GENE_0169	GENE_0169	Gene Expression
GENE_0170	GENE_0170	Gene Expression
GENE_0171	GENE_0171	Gene Expression
GENE_0172	GENE_0172	Gene Expression
GENE_0173	GENE_0173	Gene Expression
GENE_0174	GENE_0174	Gene Expression
GENE_0175	GENE_0175	Gene Expression
GENE_0176	GENE_0176	Gene Expression
GENE_0177	GENE_0177	Gene Expression
GENE_0178	GENE_0178	Gene Expression
GENE_0179	GENE_0179	Gene Expression
GENE_0180	GENE_0180	Gene Expression
GENE_0181	GENE_0181	Gene Expression
GENE_0182	GENE_0182	Gene Expression
GENE_0183	GENE_0183	Gene Expression
GENE_0184	GENE_0184	Gene Expression
GENE_0185	GENE_0185	Gene Expression
GENE_0186	GENE_0186	Gene Expression
GENE_0187	GENE_0187	Gene Expression
GENE_0188	GENE_0188	Gene Expression
GENE_0189	GENE_0189	Gene Expression
GENE_0190	GENE_0190	Gene Expression
GENE_0191	GENE_0191	Gene Expression
GENE_0192	GENE_0192	Gene Expression
GENE_0193	GENE_0193	Gene Expression
GENE_0194	GENE_0194	Gene Expression
GENE_0195	GENE_0195	Gene Expression
GENE_0196	GENE_0196	Gene Expression
GENE_0197	GENE_0197	Gene Expression
GENE_0198	GENE_0198	Gene Expression
GENE_0199	GENE_0199	Gene Expression
GENE_0200	GENE_0200	Gene Expression
GENE_0201	GENE_0201	Gene Expression
GENE_0202	GENE_0202	Gene Expression
GENE_0203	GENE_0203	Gene Expression
GENE_0204	GENE_0204	Gene Expression
GENE_0205	GENE_0205	Gene Expression
GENE_0206	GENE_0206	Gene Expression
GENE_0207	GENE_0207	Gene Expression
GENE_0208	GENE_0208	Gene Expression
GENE_0209	GENE_0209	Gene Expression
GENE_0210	GENE_0210	Gene Expression
GENE_0211	GENE_0211	Gene Expression
GENE_0212	GENE_0212	Gene Expression
GENE_0213	GENE_0213	Gene Expression
GENE_0214	GENE_0214	Gene Expression
GENE_0215	GENE_0215	Gene Expression
GENE_0216	GENE_0216	Gene Expression
GENE_0217	GENE_0217	Gene Expression
GENE_0218	GENE_0218	Gene Expression
GENE_0219	GENE_0219	Gene Expression
GENE_0220	GENE_0220	Gene Expression
GENE_0221	GENE_0221	Gene Expression
GENE_0222	GENE_0222	Gene Expression
GENE_0223	GENE_0223	Gene Expression
GENE_0224	GENE_0224	Gene Expression
GENE_0225	GENE_0225	Gene Expression
GENE_0226	GENE_0226	Gene Expression
GENE_0227	GENE_0227	Gene Expression
GENE_0228	GENE_0228	Gene Expression
GENE_0229	GENE_0229	Gene Expression
GENE_0230	GENE_0230	Gene Expression
GENE_0231	GENE_0231	Gene Expression
GENE_0232	GENE_0232	Gene Expression
GENE_0233	GENE_0233	Gene Expression
GENE_0234	GENE_0234	Gene Expression
GENE_0235	GENE_0235	Gene Expression
GENE_0236	GENE_0236	Gene Expression
GENE_0237	GENE_0237	Gene Expression
GENE_0238	GENE_0238	Gene Expression
GENE_0239	GENE_0239	Gene Expression
GENE_0240	GENE_0240	Gene Expression
GENE_0241	GENE_0241	Gene Expression
GENE_0242	GENE_0242	Gene Expression
GENE_0243	GENE_0243	Gene Expression
GENE_0244	GENE_0244	Gene Expression
GENE_0245	GENE_0245	Gene Expression
GENE_0246	GENE_0246	Gene Expression
GENE_0247	GENE_0247	Gene Expression
GENE_0248	GENE_0248	Gene Expression
GENE_0249	GENE_0249	Gene Expression
GENE_0250	GENE_0250	Gene Expression
GENE_0251	GENE_0251	Gene Expression
GENE_0252	GENE_0252	Gene Expression
GENE_0253	GENE_0253	Gene Expression
GENE_0254	GENE_0254	Gene Expression
GENE_0255	GENE_0255	Gene Expression
GENE_0256	GENE_0256	Gene Expression
GENE_0257	GENE_0257	Gene Expression
GENE_0258	GENE_0258	Gene Expression
GENE_0259	GENE_0259	Gene Expression
GENE_0260	GENE_0260	Gene Expression
GENE_0261	GENE_0261	Gene Expression
GENE_0262	GENE_0262	Gene Expression
GENE_0263	GENE_0263	Gene Expression
GENE_0264	GENE_0264	Gene Expression
GENE_0265	GENE_0265	Gene Expression
GENE_0266	GENE_0266	Gene Expression
GENE_0267	GENE_0267	Gene Expression
GENE_0268	GENE_0268	Gene Expression
GENE_0269	GENE_0269	Gene Expression
GENE_0270	GENE_0270	Gene Expression
GENE_0271	GENE_0271	Gene Expression
GENE_0272	GENE_0272	Gene Expression
GENE_0273	GENE_0273	Gene Expression
GENE_0274	GENE_0274	Gene Expression
GENE_0275	GENE_0275	Gene Expression
GENE_0276	GENE_0276	Gene Expression
GENE_0277	GENE_0277	Gene Expression
GENE_0278	GENE_0278	Gene Expression
GENE_0279	GENE_0279	Gene Expression
GENE_0280	GENE_0280	Gene Expression
GENE_0281	GENE_0281	Gene Expression
GENE_0282	GENE_0282	Gene Expression
GENE_0283	GENE_0283	Gene Expression
GENE_0284	GENE_0284	Gene Expression
GENE_0285	GENE_0285	Gene Expression
GENE_0286	GENE_0286	Gene Expression
GENE_0287	GENE_0287	Gene Expression
GENE_0288	GENE_0288	Gene Expression
GENE_0289	GENE_0289	Gene Expression
GENE_0290	GENE_0290	Gene Expression
GENE_0291	GENE_0291	Gene Expression
GENE_0292	GENE_0292	Gene Expression
GENE_0293	GENE_0293	Gene Expression
GENE_0294	GENE_0294	Gene Expression
GENE_0295	GENE_0295	Gene Expression
GENE_0296	GENE_0296	Gene Expression
GENE_0297	GENE_0297	Gene Expression
GENE_0298	GENE_0298	Gene Expression
GENE_0299	GENE_0299	Gene Expression
GENE_0300	GENE_0300	Gene Expression
GENE_0301	GENE_0301	Gene Expression
GENE_0302	GENE_0302	Gene Expression
GENE_0303	GENE_0303	Gene Expression
GENE_0304	GENE_0304	Gene Expression
GENE_0305	GENE_0305	Gene Expression
GENE_0306	GENE_0306	Gene Expression
GENE_0307	GENE_0307	Gene Expression
GENE_0308	GENE_0308	Gene Expression
GENE_0309	GENE_0309	Gene Expression
GENE_0310	GENE_0310	Gene Expression
GENE_0311	GENE_0311	Gene Expression
GENE_0312	GENE_0312	Gene Expression
GENE_0313	GENE_0313	Gene Expression
GENE_0314	GENE_0314	Gene Expression
GENE_0315	GENE_0315	Gene Expression
GENE_0316	GENE_0316	Gene Expression
GENE_0317	GENE_0317	Gene Expression
GENE_0318	GENE_0318	Gene Expression
GENE_0319	GENE_0319	Gene Expression
GENE_0320	GENE_0320	Gene Expression
GENE_0321	GENE_0321	Gene Expression
GENE_0322	GENE_0322	Gene Expression
GENE_0323	GENE_0323	Gene Expression
GENE_0324	GENE_0324	Gene Expression
GENE_0325	GENE_0325	Gene Expression
GENE_0326	GENE_0326	Gene Expression
GENE_0327	GENE_0327	Gene Expression
GENE_0328	GENE_0328	Gene Expression
GENE_0329	GENE_0329	Gene Expression
GENE_0330	GENE_0330	Gene Expression
GENE_0331	GENE_0331	Gene Expression
GENE_0332	GENE_0332	Gene Expression
GENE_0333	GENE_0333	Gene Expression
GENE_0334	GENE_0334	Gene Expression
GENE_0335	GENE_0335	Gene Expression
GENE_0336	GENE_0336	Gene Expression
GENE_0337	GENE_0337	Gene Expression
GENE_0338	GENE_0338	Gene Expression
GENE_0339	GENE_0339	Gene Expression
GENE_0340	GENE_0340	Gene Expression
GENE_0341	GENE_0341	Gene Expression
GENE_0342	GENE_0342	Gene Expression
GENE_0343	GENE_0343	Gene Expression
GENE_0344	GENE_0344	Gene Expression
GENE_0345	GENE_0345	Gene Expression
GENE_0346	GENE_0346	Gene Expression
GENE_0347	GENE_0347	Gene Expression
GENE_0348	GENE_0348	Gene Expression
GENE_0349	GENE_0349	Gene Expression
GENE_0350	GENE_0350	Gene Expression
GENE_0351	GENE_0351	Gene Expression
GENE_0352	GENE_0352	Gene Expression
GENE_0353	GENE_0353	Gene Expression
GENE_0354	GENE_0354	Gene Expression
GENE_0355	GENE_0355	Gene Expression
GENE_0356	GENE_0356	Gene Expression
GENE_0357	GENE_0357	Gene Expression
GENE_0358	GENE_0358	Gene Expression
GENE_0359	GENE_0359	Gene Expression
GENE_0360	GENE_0360	Gene Expression
GENE_0361	GENE_0361	Gene Expression
GENE_0362	GENE_0362	Gene Expression
GENE_0363	GENE_0363	Gene Expression
GENE_0364	GENE_0364	Gene Expression
GENE_0365	GENE_0365	Gene Expression
GENE_0366	GENE_0366	Gene Expression
GENE_0367	GENE_0367	Gene Expression
GENE_0368	GENE_0368	Gene Expression
GENE_0369	GENE_0369	Gene Expression
GENE_0370	GENE_0370	Gene Expression
GENE_0371	GENE_0371	Gene Expression
GENE_0372	GENE_0372	Gene Expression
GENE_0373	GENE_0373	Gene Expression
GENE_0374	GENE_0374	Gene Expression
GENE_0375	GENE_0375	Gene Expression
GENE_0376	GENE_0376	Gene Expression
GENE_0377	GENE_0377	Gene Expression
GENE_0378	GENE_0378	Gene Expression
GENE_0379	GENE_0379	Gene Expression
GENE_0380	GENE_0380	Gene Expression
GENE_0381	GENE_0381	Gene Expression
GENE_0382	GENE_0382	Gene Expression
GENE_0383	GENE_0383	Gene Expression
GENE_0384	GENE_0384	Gene Expression
GENE_0385	GENE_0385	Gene Expression
GENE_0386	GENE_0386	Gene Expression
GENE_0387	GENE_0387	Gene Expression
GENE_0388	GENE_0388	Gene Expression
GENE_0389	GENE_0389	Gene Expression
GENE_0390	GENE_0390	Gene Expression
GENE_0391	GENE_0391	Gene Expression
GENE_0392	GENE_0392	Gene Expression
GENE_0393	GENE_0393	Gene Expression
GENE_0394	GENE_0394	Gene Expression
GENE_0395	GENE_0395	Gene Expression
GENE_0396	GENE_0396	Gene Expression
GENE_0397	GENE_0397	Gene Expression
GENE_0398	GENE_0398	Gene Expression
GENE_0399	GENE_0399	Gene Expression
GENE_0400	GENE_0400	Gene Expression
GENE_0401	GENE_0401	Gene Expression
GENE_0402	GENE_0402	Gene Expression
GENE_0403	GENE_0403	Gene Expression
GENE_0404	GENE_0404	Gene Expression
GENE_0405	GENE_0405	Gene Expression
GENE_0406	GENE_0406	Gene Expression
GENE_0407	GENE_0407	Gene Expression
GENE_0408	GENE_0408	Gene Expression
GENE_0409	GENE_0409	Gene Expression
GENE_0410	GENE_0410	Gene Expression
GENE_0411	GENE_0411	Gene Expression
GENE_0412	GENE_0412	Gene Expression
GENE_0413	GENE_0413	Gene Expression
GENE_0414	GENE_0414	Gene Expression
GENE_0415	GENE_0415	Gene Expression
GENE_0416	GENE_0416	Gene Expression
GENE_0417	GENE_0417	Gene Expression
GENE_0418	GENE_0418	Gene Expression
GENE_0419	GENE_0419	Gene Expression
GENE_0420	GENE_0420	Gene Expression
GENE_0421	GENE_0421	Gene Expression
GENE_0422	GENE_0422	Gene Expression
GENE_0423	GENE_0423	Gene Expression
GENE_0424	GENE_0424	Gene Expression
GENE_0425	GENE_0425	Gene Expression
GENE_0426	GENE_0426	Gene Expression
GENE_0427	GENE_0427	Gene Expression
GENE_0428	GENE_0428	Gene Expression
GENE_0429	GENE_0429	Gene Expression
GENE_0430	GENE_0430	Gene Expression
GENE_0431	GENE_0431	Gene Expression
GENE_0432	GENE_0432	Gene Expression
GENE_0433	GENE_0433	Gene Expression
GENE_0434	GENE_0434	Gene Expression
GENE_0435	GENE_0435	Gene Expression
GENE_0436	GENE_0436	Gene Expression
GENE_0437	GENE_0437	Gene Expression
GENE_0438	GENE_0438	Gene Expression
GENE_0439	GENE_0439	Gene Expression
GENE_0440	GENE_0440	Gene Expression
GENE_0441	GENE_0441	Gene Expression
GENE_0442	GENE_0442	Gene Expression
GENE_0443	GENE_0443	Gene Expression
GENE_0444	GENE_0444	Gene Expression
GENE_0445	GENE_0445	Gene Expression
GENE_0446	GENE_0446	Gene Expression
GENE_0447	GENE_0447	Gene Expression
GENE_0448	GENE_0448	Gene Expression
GENE_0449	GENE_0449	Gene Expression
GENE_0450	GENE_0450	Gene Expression
GENE_0451	GENE_0451	Gene Expression
GENE_0452	GENE_0452	Gene Expression
GENE_0453	GENE_0453	Gene Expression
GENE_0454	GENE_0454	Gene Expression
GENE_0455	GENE_0455	Gene Expression
GENE_0456	GENE_0456	Gene Expression
GENE_0457	GENE_0457	Gene Expression
GENE_0458	GENE_0458	Gene Expression
GENE_0459	GENE_0459	Gene Expression
GENE_0460	GENE_0460	Gene Expression
GENE_0461	GENE_0461	Gene Expression
GENE_0462	GENE_0462	Gene Expression
GENE_0463	GENE_0463	Gene Expression
GENE_0464	GENE_0464	Gene Expression
GENE_0465	GENE_0465	Gene Expression
GENE_0466	GENE_0466	Gene Expression
GENE_0467	GENE_0467	Gene Expression
GENE_0468	GENE_0468	Gene Expression
GENE_0469	GENE_0469	Gene Expression
GENE_0470	GENE_0470	Gene Expression
GENE_0471	GENE_0471	Gene Expression
GENE_0472	GENE_0472	Gene Expression
GENE_0473	GENE_0473	Gene Expression
GENE_0474	GENE_0474	Gene Expression
GENE_0475	GENE_0475	Gene Expression
GENE_0476	GENE_0476	Gene Expression
GENE_0477	GENE_0477	Gene Expression
GENE_0478	GENE_0478	Gene Expression
GENE_0479	GENE_0479	Gene Expression
GENE_0480	GENE_0480	Gene Expression
GENE_0481	GENE_0481	Gene Expression
GENE_0482	GENE_0482	Gene Expression
GENE_0483	GENE_0483	Gene Expression
GENE_0484	GENE_0484	Gene Expression
GENE_0485	GENE_0485	Gene Expression
GENE_0486	GENE_0486	Gene Expression
GENE_0487	GENE_0487	Gene Expression
GENE_0488	GENE_0488	Gene Expression
GENE_0489	GENE_0489	Gene Expression
GENE_0490	GENE_0490	Gene Expression
GENE_0491	GENE_0491	Gene Expression
GENE_0492	GENE_0492	Gene Expression
GENE_0493	GENE_0493	Gene Expression
GENE_0494	GENE_0494	Gene Expression
GENE_0495	GENE_0495	Gene Expression
GENE_0496	GENE_0496	Gene Expression
GENE_0497	GENE_0497	Gene Expression
GENE_0498	GENE_0498	Gene Expression
GENE_0499	GENE_0499	Gene Expression
GENE_0500	GENE_0500	Gene Expression
GENE_0501	GENE_0501	Gene Expression
GENE_0502	GENE_0502	Gene Expression
GENE_0503	GENE_0503	Gene Expression
GENE_0504	GENE_0504	Gene Expression
GENE_0505	GENE_0505	Gene Expression
GENE_0506	GENE_0506	Gene Expression
GENE_0507	GENE_0507	Gene Expression
GENE_0508	GENE_0508	Gene Expression
GENE_0509	GENE_0509	Gene Expression
GENE_0510	GENE_0510	Gene Expression
GENE_0511	GENE_0511	Gene Expression
GENE_0512	GENE_0512	Gene Expression
GENE_0513	GENE_0513	Gene Expression
GENE_0514	GENE_0514	Gene Expression
GENE_0515	GENE_0515	Gene Expression
GENE_0516	GENE_0516	Gene Expression
GENE_0517	GENE_0517	Gene Expression
GENE_0518	GENE_0518	Gene Expression
GENE_0519	GENE_0519	Gene Expression
GENE_0520	GENE_0520	Gene Expression
GENE_0521	GENE_0521	Gene Expression
GENE_0522	GENE_0522	Gene Expression
GENE_0523	GENE_0523	Gene Expression
GENE_0524	GENE_0524	Gene Expression
GENE_0525	GENE_0525	Gene Expression
GENE_0526	GENE_0526	Gene Expression
GENE_0527	GENE_0527	Gene Expression
GENE_0528	GENE_0528	Gene Expression
GENE_0529	GENE_0529	Gene Expression
GENE_0530	GENE_0530	Gene Expression
GENE_0531	GENE_0531	Gene Expression
GENE_0532	GENE_0532	Gene Expression
GENE_0533	GENE_0533	Gene Expression
GENE_0534	GENE_0534	Gene Expression
GENE_0535	GENE_0535	Gene Expression
GENE_0536	GENE_0536	Gene Expression
GENE_0537	GENE_0537	Gene Expression
GENE_0538	GENE_0538	Gene Expression
GENE_0539	GENE_0539	Gene Expression
GENE_0540	GENE_0540	Gene Expression
GENE_0541	GENE_0541	Gene Expression
GENE_0542	GENE_0542	Gene Expression
GENE_0543	GENE_0543	Gene Expression
GENE_0544	GENE_0544	Gene Expression
GENE_0545	GENE_0545	Gene Expression
GENE_0546	GENE_0546	Gene Expression
GENE_0547	GENE_0547	Gene Expression
GENE_0548	GENE_0548	Gene Expression
GENE_0549	GENE_0549	Gene Expression
GENE_0550	GENE_0550	Gene Expression
GENE_0551	GENE_0551	Gene Expression
GENE_0552	GENE_0552	Gene Expression
GENE_0553	GENE_0553	Gene Expression
GENE_0554	GENE_0554	Gene Expression
GENE_0555	GENE_0555	Gene Expression
GENE_0556	GENE_0556	Gene Expression
GENE_0557	GENE_0557	Gene Expression
GENE_0558	GENE_0558	Gene Expression
GENE_0559	GENE_0559	Gene Expression
GENE_0560	GENE_0560	Gene Expression
GENE_0561	GENE_0561	Gene Expression
GENE_0562	GENE_0562	Gene Expression
GENE_0563	GENE_0563	Gene Expression
GENE_0564	GENE_0564	Gene Expression
GENE_0565	GENE_0565	Gene Expression
GENE_0566	GENE_0566	Gene Expression
GENE_0567	GENE_0567	Gene Expression
GENE_0568	GENE_0568	Gene Expression
GENE_0569	GENE_0569	Gene Expression
GENE_0570	GENE_0570	Gene Expression
GENE_0571	GENE_0571	Gene Expression
GENE_0572	GENE_0572	Gene Expression
GENE_0573	GENE_0573	Gene Expression
GENE_0574	GENE_0574	Gene Expression
GENE_0575	GENE_0575	Gene Expression
GENE_0576	GENE_0576	Gene Expression
GENE_0577	GENE_0577	Gene Expression
GENE_0578	GENE_0578	Gene Expression
GENE_0579	GENE_0579	Gene Expression
GENE_0580	GENE_0580	Gene Expression
GENE_0581	GENE_0581	Gene Expression
GENE_0582	GENE_0582	Gene Expression
GENE_0583	GENE_0583	Gene Expression
GENE_0584	GENE_0584	Gene Expression
GENE_0585	GENE_0585	Gene Expression
GENE_0586	GENE_0586	Gene Expression
GENE_0587	GENE_0587	Gene Expression
GENE_0588	GENE_0588	Gene Expression
GENE_0589	GENE_0589	Gene Expression
GENE_0590	GENE_0590	Gene Expression
GENE_0591	GENE_0591	Gene Expression
GENE_0592	GENE_0592	Gene Expression
GENE_0593	GENE_0593	Gene Expression
GENE_0594	GENE_0594	Gene Expression
GENE_0595	GENE_0595	Gene Expression
GENE_0596	GENE_0596	Gene Expression
GENE_0597	GENE_0597	Gene Expression
GENE_0598	GENE_0598	Gene Expression
GENE_0599	GENE_0599	Gene Expression
GENE_0600	GENE_0600	Gene Expression
GENE_0601	GENE_0601	Gene Expression
GENE_0602	GENE_0602	Gene Expression
GENE_0603	GENE_0603	Gene Expression
GENE_0604	GENE_0604	Gene Expression
GENE_0605	GENE_0605	Gene Expression
GENE_0606	GENE_0606	Gene Expression
GENE_0607	GENE_0607	Gene Expression
GENE_0608	GENE_0608	Gene Expression
GENE_0609	GENE_0609	Gene Expression
GENE_0610	GENE_0610	Gene Expression
GENE_0611	GENE_0611	Gene Expression
GENE_0612	GENE_0612	Gene Expression
GENE_0613	GENE_0613	Gene Expression
GENE_0614	GENE_0614	Gene Expression
GENE_0615	GENE_0615	Gene Expression
GENE_0616	GENE_0616	Gene Expression
GENE_0617	GENE_0617	Gene Expression
GENE_0618	GENE_0618	Gene Expression
GENE_0619	GENE_0619	Gene Expression
GENE_0620	GENE_0620	Gene Expression
GENE_0621	GENE_0621	Gene Expression
GENE_0622	GENE_0622	Gene Expression
GENE_0623	GENE_0623	Gene Expression
GENE_0624	GENE_0624	Gene Expression
GENE_0625	GENE_0625	Gene Expression
GENE_0626	GENE_0626	Gene Expression
GENE_0627	GENE_0627	Gene Expression
GENE_0628	GENE_0628	Gene Expression
GENE_0629	GENE_0629	Gene Expression
GENE_0630	GENE_0630	Gene Expression
GENE_0631	GENE_0631	Gene Expression
GENE_0632	GENE_0632	Gene Expression
GENE_0633	GENE_0633	Gene Expression
GENE_0634	GENE_0634	Gene Expression
GENE_0635	GENE_0635	Gene Expression
GENE_0636	GENE_0636	Gene Expression
GENE_0637	GENE_0637	Gene Expression
GENE_0638	GENE_0638	Gene Expression
GENE_0639	GENE_0639	Gene Expression
GENE_0640	GENE_0640	Gene Expression
GENE_0641	GENE_0641	Gene Expression
GENE_0642	GENE_0642	Gene Expression
GENE_0643	GENE_0643	Gene Expression
GENE_0644	GENE_0644	Gene Expression
GENE_0645	GENE_0645	Gene Expression
GENE_0646	GENE_0646	Gene Expression
GENE_0647	GENE_0647	Gene Expression
GENE_0648	GENE_0648	Gene Expression
GENE_0649	GENE_0649	Gene Expression
GENE_0650	GENE_0650	Gene Expression
GENE_0651	GENE_0651	Gene Expression
GENE_0652	GENE_0652	Gene Expression
GENE_0653	GENE_0653	Gene Expression
GENE_0654	GENE_0654	Gene Expression
GENE_0655	GENE_0655	Gene Expression
GENE_0656	GENE_0656	Gene Expression
GENE_0657	GENE_0657	Gene Expression
GENE_0658	GENE_0658	Gene Expression
GENE_0659	GENE_0659	Gene Expression
GENE_0660	GENE_0660	Gene Expression
GENE_0661	GENE_0661	Gene Expression
GENE_0662	GENE_0662	Gene Expression
GENE_0663	GENE_0663	Gene Expression
GENE_0664	GENE_0664	Gene Expression
GENE_0665	GENE_0665	Gene Expression
GENE_0666	GENE_0666	Gene Expression
GENE_0667	GENE_0667	Gene Expression
GENE_0668	GENE_0668	Gene Expression
GENE_0669	GENE_0669	Gene Expression
GENE_0670	GENE_0670	Gene Expression
GENE_0671	GENE_0671	Gene Expression
GENE_0672	GENE_0672	Gene Expression
GENE_0673	GENE_0673	Gene Expression
GENE_0674	GENE_0674	Gene Expression
GENE_0675	GENE_0675	Gene Expression
GENE_0676	GENE_0676	Gene Expression
GENE_0677	GENE_0677	Gene Expression
GENE_0678	GENE_0678	Gene Expression
GENE_0679	GENE_0679	Gene Expression
GENE_0680	GENE_0680	Gene Expression
GENE_0681	GENE_0681	Gene Expression
GENE_0682	GENE_0682	Gene Expression
GENE_0683	GENE_0683	Gene Expression
GENE_0684	GENE_0684	Gene Expression
GENE_0685	GENE_0685	Gene Expression
GENE_0686	GENE_0686	Gene Expression
GENE_0687	GENE_0687	Gene Expression
GENE_0688	GENE_0688	Gene Expression
GENE_0689	GENE_0689	Gene Expression
GENE_0690	GENE_0690	Gene Expression
GENE_0691	GENE_0691	Gene Expression
GENE_0692	GENE_0692	Gene Expression
GENE_0693	GENE_0693	Gene Expression
GENE_0694	GENE_0694	Gene Expression
GENE_0695	GENE_0695	Gene Expression
GENE_0696	GENE_0696	Gene Expression
GENE_0697	GENE_0697	Gene Expression
GENE_0698	GENE_0698	Gene Expression
GENE_0699	GENE_0699	Gene Expression
GENE_0700	GENE_0700	Gene Expression
GENE_0701	GENE_0701	Gene Expression
GENE_0702	GENE_0702	Gene Expression
GENE_0703	GENE_0703	Gene Expression
GENE_0704	GENE_0704	Gene Expression
GENE_0705	GENE_0705	Gene Expression
GENE_0706	GENE_0706	Gene Expression
GENE_0707	GENE_0707	Gene Expression
GENE_0708	GENE_0708	Gene Expression
GENE_0709	GENE_0709	Gene Expression
GENE_0710	GENE_0710	Gene Expression
GENE_0711	GENE_0711	Gene Expression
GENE_0712	GENE_0712	Gene Expression
GENE_0713	GENE_0713	Gene Expression
GENE_0714	GENE_0714	Gene Expression
GENE_0715	GENE_0715	Gene Expression
GENE_0716	GENE_0716	Gene Expression
GENE_0717	GENE_0717	Gene Expression
GENE_0718	GENE_0718	Gene Expression
GENE_0719	GENE_0719	Gene Expression
GENE_0720	GENE_0720	Gene Expression
GENE_0721	GENE_0721	Gene Expression
GENE_0722	GENE_0722	Gene Expression
GENE_0723	GENE_0723	Gene Expression
GENE_0724	GENE_0724	Gene Expression
GENE_0725	GENE_0725	Gene Expression
GENE_0726	GENE_0726	Gene Expression
GENE_0727	GENE_0727	Gene Expression
GENE_0728	GENE_0728	Gene Expression
GENE_0729	GENE_0729	Gene Expression
GENE_0730	GENE_0730	Gene Expression
GENE_0731	GENE_0731	Gene Expression
GENE_0732	GENE_0732	Gene Expression
GENE_0733	GENE_0733	Gene Expression
GENE_0734	GENE_0734	Gene Expression
GENE_0735	GENE_0735	Gene Expression
GENE_0736	GENE_0736	Gene Expression
GENE_0737	GENE_0737	Gene Expression
GENE_0738	GENE_0738	Gene Expression
GENE_0739	GENE_0739	Gene Expression
GENE_0740	GENE_0740	Gene Expression
GENE_0741	GENE_0741	Gene Expression
GENE_0742	GENE_0742	Gene Expression
GENE_0743	GENE_0743	Gene Expression
GENE_0744	GENE_0744	Gene Expression
GENE_0745	GENE_0745	Gene Expression
GENE_0746	GENE_0746	Gene Expression
GENE_0747	GENE_0747	Gene Expression
GENE_0748	GENE_0748	Gene Expression
GENE_0749	GENE_0749	Gene Expression
GENE_0750	GENE_0750	Gene Expression
GENE_0751	GENE_0751	Gene Expression
GENE_0752	GENE_0752	Gene Expression
GENE_0753	GENE_0753	Gene Expression
GENE_0754	GENE_0754	Gene Expression
GENE_0755	GENE_0755	Gene Expression
GENE_0756	GENE_0756	Gene Expression
GENE_0757	GENE_0757	Gene Expression
GENE_0758	GENE_0758	Gene Expression
GENE_0759	GENE_0759	Gene Expression
GENE_0760	GENE_0760	Gene Expression
GENE_0761	GENE_0761	Gene Expression
GENE_0762	GENE_0762	Gene Expression
GENE_0763	GENE_0763	Gene Expression
GENE_0764	GENE_0764	Gene Expression
GENE_0765	GENE_0765	Gene Expression
GENE_0766	GENE_0766	Gene Expression
GENE_0767	GENE_0767	Gene Expression
GENE_0768	GENE_0768	Gene Expression
GENE_0769	GENE_0769	Gene Expression
GENE_0770	GENE_0770	Gene Expression
GENE_0771	GENE_0771	Gene Expression
GENE_0772	GENE_0772	Gene Expression
GENE_0773	GENE_0773	Gene Expression
GENE_0774	GENE_0774	Gene Expression
GENE_0775	GENE_0775	Gene Expression
GENE_0776	GENE_0776	Gene Expression
GENE_0777	GENE_0777	Gene Expression
GENE_0778	GENE_0778	Gene Expression
GENE_0779	GENE_0779	Gene Expression
GENE_0780	GENE_0780	Gene Expression
GENE_0781	GENE_0781	Gene Expression
GENE_0782	GENE_0782	Gene Expression
GENE_0783	GENE_0783	Gene Expression
GENE_0784	GENE_0784	Gene Expression
GENE_0785	GENE_0785	Gene Expression
GENE_0786	GENE_0786	Gene Expression
GENE_0787	GENE_0787	Gene Expression
GENE_0788	GENE_0788	Gene Expression
GENE_0789	GENE_0789	Gene Expression
GENE_0790	GENE_0790	Gene Expression
GENE_0791	GENE_0791	Gene Expression
GENE_0792	GENE_0792	Gene Expression
GENE_0793	GENE_0793	Gene Expression
GENE_0794	GENE_0794	Gene Expression
GENE_0795	GENE_0795	Gene Expression
GENE_0796	GENE_0796	Gene Expression
GENE_0797	GENE_0797	Gene Expression
GENE_0798	GENE_0798	Gene Expression
GENE_0799	GENE_0799	Gene Expression
GENE_0800	GENE_0800	Gene Expression
GENE_0801	GENE_0801	Gene Expression
GENE_0802	GENE_0802	Gene Expression
GENE_0803	GENE_0803	Gene Expression
GENE_0804	GENE_0804	Gene Expression
GENE_0805	GENE_0805	Gene Expression
GENE_0806	GENE_0806	Gene Expression
GENE_0807	GENE_0807	Gene Expression
GENE_0808	GENE_0808	Gene Expression
GENE_0809	GENE_0809	Gene Expression
GENE_0810	GENE_0810	Gene Expression
GENE_0811	GENE_0811	Gene Expression
GENE_0812	GENE_0812	Gene Expression
GENE_0813	GENE_0813	Gene Expression
GENE_0814	GENE_0814	Gene Expression
GENE_0815	GENE_0815	Gene Expression
GENE_0816	GENE_0816	Gene Expression
GENE_0817	GENE_0817	Gene Expression
GENE_0818	GENE_0818	Gene Expression
GENE_0819	GENE_0819	Gene Expression
GENE_0820	GENE_0820	Gene Expression
GENE_0821	GENE_0821	Gene Expression
GENE_0822	GENE_0822	Gene Expression
GENE_0823	GENE_0823	Gene Expression
GENE_0824	GENE_0824	Gene Expression
GENE_0825	GENE_0825	Gene Expression
GENE_0826	GENE_0826	Gene Expression
GENE_0827	GENE_0827	Gene Expression
GENE_0828	GENE_0828	Gene Expression
GENE_0829	GENE_0829	Gene Expression
GENE_0830	GENE_0830	Gene Expression
GENE_0831	GENE_0831	Gene Expression
GENE_0832	GENE_0832	Gene Expression
GENE_0833	GENE_0833	Gene Expression
GENE_0834	GENE_0834	Gene Expression
GENE_0835	GENE_0835	Gene Expression
GENE_0836	GENE_0836	Gene Expression
GENE_0837	GENE_0837	Gene Expression
GENE_0838	GENE_0838	Gene Expression
GENE_0839	GENE_0839	Gene Expression
GENE_0840	GENE_0840	Gene Expression
GENE_0841	GENE_0841	Gene Expression
GENE_0842	GENE_0842	Gene Expression
GENE_0843	GENE_0843	Gene Expression
GENE_0844	GENE_0844	Gene Expression
GENE_0845	GENE_0845	Gene Expression
GENE_0846	GENE_0846	Gene Expression
GENE_0847	GENE_0847	Gene Expression
GENE_0848	GENE_0848	Gene Expression
GENE_0849	GENE_0849	Gene Expression
GENE_0850	GENE_0850	Gene Expression
GENE_0851	GENE_0851	Gene Expression
GENE_0852	GENE_0852	Gene Expression
GENE_0853	GENE_0853	Gene Expression
GENE_0854	GENE_0854	Gene Expression
GENE_0855	GENE_0855	Gene Expression
GENE_0856	GENE_0856	Gene Expression
GENE_0857	GENE_0857	Gene Expression
GENE_0858	GENE_0858	Gene Expression
GENE_0859	GENE_0859	Gene Expression
GENE_0860	GENE_0860	Gene Expression
GENE_0861	GENE_0861	Gene Expression
GENE_0862	GENE_0862	Gene Expression
GENE_0863	GENE_0863	Gene Expression
GENE_0864	GENE_0864	Gene Expression
GENE_0865	GENE_0865	Gene Expression
GENE_0866	GENE_0866	Gene Expression
GENE_0867	GENE_0867	Gene Expression
GENE_0868	GENE_0868	Gene Expression
GENE_0869	GENE_0869	Gene Expression
GENE_0870	GENE_0870	Gene Expression
GENE_0871	GENE_0871	Gene Expression
GENE_0872	GENE_0872	Gene Expression
GENE_0873	GENE_0873	Gene Expression
GENE_0874	GENE_0874	Gene Expression
GENE_0875	GENE_0875	Gene Expression
GENE_0876	GENE_0876	Gene Expression
